{
  "main": {
    "id": "9bd39b54c9968f1f",
    "type": "split",
    "children": [
      {
        "id": "a347407372060692",
        "type": "tabs",
        "children": [
          {
            "id": "eddd94b5c0888bbf",
            "type": "leaf",
            "state": {
              "type": "markdown",
              "state": {
                "file": "Useful Tips.md",
                "mode": "source",
                "source": false
              },
              "icon": "lucide-file",
              "title": "Useful Tips"
            }
          }
        ]
      }
    ],
    "direction": "vertical"
  },
  "left": {
    "id": "e0d3a2d8166feaf6",
    "type": "split",
    "children": [
      {
        "id": "bae75d2a7aa9ef75",
        "type": "tabs",
        "children": [
          {
            "id": "55c373d2c5c33085",
            "type": "leaf",
            "state": {
              "type": "file-explorer",
              "state": {
                "sortOrder": "byCreatedTimeReverse",
                "autoReveal": false
              },
              "icon": "lucide-folder-closed",
              "title": "Files"
            }
          },
          {
            "id": "7aeee35955c7551a",
            "type": "leaf",
            "state": {
              "type": "search",
              "state": {
                "query": "",
                "matchingCase": false,
                "explainSearch": false,
                "collapseAll": false,
                "extraContext": false,
                "sortOrder": "alphabetical"
              },
              "icon": "lucide-search",
              "title": "Search"
            }
          },
          {
            "id": "d314451d0a13ee2c",
            "type": "leaf",
            "state": {
              "type": "bookmarks",
              "state": {},
              "icon": "lucide-bookmark",
              "title": "Bookmarks"
            }
          }
        ]
      }
    ],
    "direction": "horizontal",
    "width": 247.5
  },
  "right": {
    "id": "bd17f0eda4712000",
    "type": "split",
    "children": [
      {
        "id": "86bea0305b991aa8",
        "type": "tabs",
        "children": [
          {
            "id": "13bf64e937cdf4c6",
            "type": "leaf",
            "state": {
              "type": "backlink",
              "state": {
                "file": "Boxes/6.13.25 DOG HTB MACHINE.md",
                "collapseAll": false,
                "extraContext": false,
                "sortOrder": "alphabetical",
                "showSearch": false,
                "searchQuery": "",
                "backlinkCollapsed": false,
                "unlinkedCollapsed": true
              },
              "icon": "links-coming-in",
              "title": "Backlinks for 6.13.25 DOG HTB MACHINE"
            }
          },
          {
            "id": "840feaf8930c1b79",
            "type": "leaf",
            "state": {
              "type": "outgoing-link",
              "state": {
                "file": "Footprinting/SMB.md",
                "linksCollapsed": false,
                "unlinkedCollapsed": true
              },
              "icon": "links-going-out",
              "title": "Outgoing links from SMB"
            }
          },
          {
            "id": "c420664af9a1e8be",
            "type": "leaf",
            "state": {
              "type": "tag",
              "state": {
                "sortOrder": "frequency",
                "useHierarchy": true,
                "showSearch": false,
                "searchQuery": ""
              },
              "icon": "lucide-tags",
              "title": "Tags"
            }
          },
          {
            "id": "23cc46f04ff4009b",
            "type": "leaf",
            "state": {
              "type": "outline",
              "state": {
                "file": "Footprinting/SMB.md",
                "followCursor": false,
                "showSearch": false,
                "searchQuery": ""
              },
              "icon": "lucide-list",
              "title": "Outline of SMB"
            }
          },
          {
            "id": "4ba3ffa3f55b6800",
            "type": "leaf",
            "state": {
              "type": "calendar",
              "state": {},
              "icon": "calendar-with-checkmark",
              "title": "Calendar"
            }
          }
        ]
      }
    ],
    "direction": "horizontal",
    "width": 300,
    "collapsed": true
  },
  "left-ribbon": {
    "hiddenItems": {
      "switcher:Open quick switcher": false,
      "graph:Open graph view": false,
      "canvas:Create new canvas": false,
      "templates:Insert template": false,
      "command-palette:Open command palette": false,
      "daily-notes:Open today's daily note": false
    }
  },
  "active": "55c373d2c5c33085",
  "lastOpenFiles": [
    "Nmap/Arguments.md",
    "Footprinting/NFS.md",
    "Daily Goals.md",
    "Footprinting/FTP.md",
    "Nmap/Firewall & IDS IPS Evasion.md",
    "Nmap/Service Enumeration & Banner Grabbing.md",
    "Nmap/Port States.md",
    "Nmap/Host Discovery.md",
    "Footprinting/Domain Info.md",
    "Footprinting/SMB.md",
    "Attachments/Images/Footprinting/NFS/Dangerous Settigns.png",
    "Attachments/Images/MISC/6.13.25 dog.htb.png",
    "Boxes/6.13.25 DOG HTB MACHINE.md",
    "Footprinting/Footprinting.md",
    "Attachments/Images/MISC",
    "Attachments/Images/Footprinting",
    "Attachments/Images/Footprinting/enum-methodology.png",
    "Attachments/Images/NMAP",
    "Attachments/Images/Footprinting/NFS/NFS Permissions.png",
    "Attachments/Images/Footprinting/NFS/NFS Default Config.png",
    "Attachments/Images/Footprinting/NFS",
    "Attachments/Images/Footprinting/NFS/NFS Versions.png",
    "Useful Tips.md",
    "Boxes/6.14.25 Code HTB Machine.md",
    "Attachments/Images/Footprinting/SMB/SMB Versions.png",
    "2025-06-15.md",
    "Attachments/Images/Footprinting/SMB/Default SMB Config.png",
    "Attachments/Images/Footprinting/SMB/SMB Main Settings.png",
    "Attachments/Images/Footprinting/SMB/Dangerous SMB Settings.png",
    "Attachments/Images/Footprinting/SMB",
    "Attachments/canvas pages/External Links.canvas",
    "Attachments/canvas pages",
    "Boxes",
    "Footprinting",
    "Nmap/Easy Lab/Easy.htl.md",
    "Nmap/Easy Lab/easy 1.html",
    "Nmap/Easy Lab/easy.html",
    "Welcome.md"
  ]
}